chain,n_residues,n_atoms,type_guess,first_15_resnames
A,1425,11266,protein-like,"SER,ALA,CYS,PRO,LEU,ARG,THR,ILE,LYS,ARG,VAL,GLN,PHE,GLY,VAL"
B,1132,9053,protein-like,"ASP,GLU,ILE,THR,PRO,ASP,LEU,TRP,GLN,GLU,ALA,CYS,TRP,ILE,VAL"
C,261,2090,protein-like,"PRO,TYR,ALA,ASN,GLN,PRO,THR,VAL,ARG,ILE,THR,GLU,LEU,THR,ASP"
D,126,1030,protein-like,"GLU,GLU,ASP,ALA,SER,GLN,LEU,ILE,PHE,PRO,LYS,GLU,PHE,GLU,THR"
E,209,1720,protein-like,"ASP,ASP,GLU,GLU,GLU,THR,TYR,ARG,LEU,TRP,LYS,ILE,ARG,LYS,THR"
F,82,657,protein-like,"GLN,ALA,ASN,GLN,LYS,ARG,ILE,THR,THR,PRO,TYR,MET,THR,LYS,TYR"
G,171,1351,protein-like,"MET,PHE,TYR,HIS,ILE,SER,LEU,GLU,HIS,GLU,ILE,LEU,LEU,HIS,PRO"
H,148,1186,protein-like,"ALA,GLY,ILE,LEU,PHE,GLU,ASP,ILE,PHE,ASP,VAL,LYS,ASP,ILE,ASP"
I,119,951,protein-like,"PRO,GLY,PHE,VAL,GLY,ILE,ARG,PHE,CYS,GLN,GLU,CYS,ASN,ASN,MET"
J,68,534,protein-like,"MET,ILE,ILE,PRO,VAL,ARG,CYS,PHE,THR,CYS,GLY,LYS,ILE,VAL,GLY"
K,115,920,protein-like,"MET,ASN,ALA,PRO,PRO,ALA,PHE,GLU,SER,PHE,LEU,LEU,PHE,GLU,GLY"
L,47,389,protein-like,"GLN,PRO,MET,ILE,TYR,ILE,CYS,GLY,GLU,CYS,HIS,THR,GLU,ASN,GLU"
N,37,769,nucleic-acid-like,"DA,DG,DC,DG,DG,DC,DC,DC,DT,DT,DG,DT,DG,DT,DT"
P,36,774,nucleic-acid-like,"C,C,G,A,C,A,G,G,U,A,A,G,U,A,U"
T,37,749,nucleic-acid-like,"DC,DC,DC,DA,DG,DC,DT,DC,DC,DC,DT,DG,DC,DT,DG"
a,164,3485,nucleic-acid-like,"A,U,A,C,U,U,A,C,C,U,G,G,C,A,G"
b,186,1543,protein-like,"LYS,LEU,PRO,HIS,GLU,LYS,HIS,HIS,ASN,GLN,PRO,TYR,CYS,GLY,ILE"
c,98,796,protein-like,"THR,ARG,PRO,ASN,HIS,THR,ILE,TYR,ILE,ASN,ASN,LEU,ASN,GLU,LYS"
e,95,777,protein-like,"GLU,MET,THR,PRO,GLU,GLU,LEU,GLN,LYS,ARG,GLU,GLU,GLU,GLU,PHE"
f,74,576,protein-like,"SER,LEU,PRO,LEU,ASN,PRO,LYS,PRO,PHE,LEU,ASN,GLY,LEU,THR,GLY"
g,77,638,protein-like,"MET,VAL,GLN,PRO,ILE,ASN,LEU,ILE,PHE,ARG,TYR,LEU,GLN,ASN,ARG"
h,73,568,protein-like,"ALA,HIS,PRO,PRO,GLU,LEU,LYS,LYS,PHE,MET,ASP,LYS,LYS,LEU,SER"
i,81,637,protein-like,"ILE,GLY,VAL,PRO,ILE,LYS,VAL,LEU,HIS,GLU,ALA,GLU,GLY,HIS,ILE"
j,86,692,protein-like,"SER,SER,LYS,MET,LEU,GLN,HIS,ILE,ASP,TYR,ARG,MET,ARG,CYS,ILE"
k,81,641,protein-like,"LYS,LEU,VAL,ARG,PHE,LEU,MET,LYS,LEU,SER,HIS,GLU,THR,VAL,THR"
